<?xml version="1.0" encoding="UTF-8"?>
<project-private xmlns="http://www.netbeans.org/ns/project-private/1">
    <editor-bookmarks xmlns="http://www.netbeans.org/ns/editor-bookmarks/2" lastBookmarkId="0"/>
    <open-files xmlns="http://www.netbeans.org/ns/projectui-open-files/2">
        <group>
            <file>file:/C:/Users/Marina/Dropbox/Román%20y%20Marina%20aka%20Bill%20y%20Eilish/PrácticasDS/Practica%201/Entregable/Sesion%201%20Java/src/Cliente.java</file>
            <file>file:/C:/Users/Marina/Dropbox/Román%20y%20Marina%20aka%20Bill%20y%20Eilish/PrácticasDS/Practica%201/Entregable/Sesion%201%20Java/src/CarreraCarretera.java</file>
            <file>file:/C:/Users/Marina/Dropbox/Román%20y%20Marina%20aka%20Bill%20y%20Eilish/PrácticasDS/Practica%201/Entregable/Sesion%201%20Java/src/Carrera.java</file>
        </group>
    </open-files>
</project-private>
